class, filename, text
boardingpass,arrival time depart gate (1).jpeg,arrival;time;depart;gate
boardingpass,arrival time depart gate (1).jpg,arrival;time;depart;gate
boardingpass,arrival time depart gate (1).png,arrival;time;depart;gate
boardingpass,arrival time depart gate (2).jpg,arrival;time;depart;gate
boardingpass,arrival time depart gate (2).png,arrival;time;depart;gate
boardingpass,arrival time depart gate (3).jpg,arrival;time;depart;gate
boardingpass,arrival time depart gate (3).png,arrival;time;depart;gate
boardingpass,arrival time depart gate (4).jpg,arrival;time;depart;gate
boardingpass,arrival time depart gate (4).png,arrival;time;depart;gate
boardingpass,arrival time depart gate (5).jpg,arrival;time;depart;gate
boardingpass,arrival time depart gate (5).png,arrival;time;depart;gate
boardingpass,arrival time depart gate (6).jpg,arrival;time;depart;gate
boardingpass,arrival time depart gate (6).png,arrival;time;depart;gate
boardingpass,arrival time depart gate (7).jpg,arrival;time;depart;gate
boardingpass,arrival time depart gate (7).png,arrival;time;depart;gate
boardingpass,arrival time depart gate (8).jpg,arrival;time;depart;gate
boardingpass,arrival time depart gate (9).jpg,arrival;time;depart;gate
boardingpass,boarding depart arrival (1).jpg,boarding;depart;arrival
boardingpass,boarding depart arrival (10).jpg,boarding;depart;arrival
boardingpass,boarding depart arrival (11).jpg,boarding;depart;arrival
boardingpass,boarding depart arrival (12).jpg,boarding;depart;arrival
boardingpass,boarding depart arrival (13).jpg,boarding;depart;arrival
boardingpass,boarding depart arrival (2).jpg,boarding;depart;arrival
boardingpass,boarding depart arrival (3).jpg,boarding;depart;arrival
boardingpass,boarding depart arrival (4).jpg,boarding;depart;arrival
boardingpass,boarding depart arrival (5).jpg,boarding;depart;arrival
boardingpass,boarding depart arrival (6).jpg,boarding;depart;arrival
boardingpass,boarding depart arrival (7).jpg,boarding;depart;arrival
boardingpass,boarding depart arrival (8).jpg,boarding;depart;arrival
boardingpass,boarding depart arrival (9).jpg,boarding;depart;arrival
boardingpass,boarding time depart seat (1).jpeg,boarding;time;depart;seat
boardingpass,boarding time depart seat (1).jpg,boarding;time;depart;seat
boardingpass,boarding time depart seat (1).png,boarding;time;depart;seat
boardingpass,boarding time depart seat (10).jpg,boarding;time;depart;seat
boardingpass,boarding time depart seat (11).jpg,boarding;time;depart;seat
boardingpass,boarding time depart seat (12).jpg,boarding;time;depart;seat
boardingpass,boarding time depart seat (13).jpg,boarding;time;depart;seat
boardingpass,boarding time depart seat (14).jpg,boarding;time;depart;seat
boardingpass,boarding time depart seat (15).jpg,boarding;time;depart;seat
boardingpass,boarding time depart seat (16).jpg,boarding;time;depart;seat
boardingpass,boarding time depart seat (2).jpeg,boarding;time;depart;seat
boardingpass,boarding time depart seat (2).jpg,boarding;time;depart;seat
boardingpass,boarding time depart seat (2).png,boarding;time;depart;seat
boardingpass,boarding time depart seat (3).jpg,boarding;time;depart;seat
boardingpass,boarding time depart seat (3).png,boarding;time;depart;seat
boardingpass,boarding time depart seat (4).jpg,boarding;time;depart;seat
boardingpass,boarding time depart seat (5).jpg,boarding;time;depart;seat
boardingpass,boarding time depart seat (6).jpg,boarding;time;depart;seat
boardingpass,boarding time depart seat (7).jpg,boarding;time;depart;seat
boardingpass,boarding time depart seat (8).jpg,boarding;time;depart;seat
boardingpass,boarding time depart seat (9).jpg,boarding;time;depart;seat
boardingpass,economy class depart (1).jpeg,economy;class;depart
boardingpass,economy class depart (1).jpg,economy;class;depart
boardingpass,economy class depart (1).png,economy;class;depart
boardingpass,economy class depart (10).jpg,economy;class;depart
boardingpass,economy class depart (11).jpg,economy;class;depart
boardingpass,economy class depart (12).jpg,economy;class;depart
boardingpass,economy class depart (13).jpg,economy;class;depart
boardingpass,economy class depart (14).jpg,economy;class;depart
boardingpass,economy class depart (15).jpg,economy;class;depart
boardingpass,economy class depart (16).jpg,economy;class;depart
boardingpass,economy class depart (17).jpg,economy;class;depart
boardingpass,economy class depart (18).jpg,economy;class;depart
boardingpass,economy class depart (19).jpg,economy;class;depart
boardingpass,economy class depart (2).jpg,economy;class;depart
boardingpass,economy class depart (2).png,economy;class;depart
boardingpass,economy class depart (20).jpg,economy;class;depart
boardingpass,economy class depart (21).jpg,economy;class;depart
boardingpass,economy class depart (3).png,economy;class;depart
boardingpass,economy class depart (4).jpg,economy;class;depart
boardingpass,economy class depart (5).jpg,economy;class;depart
boardingpass,economy class depart (6).jpg,economy;class;depart
boardingpass,economy class depart (7).jpg,economy;class;depart
boardingpass,economy class depart (8).jpg,economy;class;depart
boardingpass,economy class depart (9).jpg,economy;class;depart
boardingpass,economy class gate seat country (1).jpg,economy;class;gate;seat;country
boardingpass,economy class gate seat country (1).png,economy;class;gate;seat;country
boardingpass,economy class gate seat country (10).jpg,economy;class;gate;seat;country
boardingpass,economy class gate seat country (11).jpg,economy;class;gate;seat;country
boardingpass,economy class gate seat country (12).jpg,economy;class;gate;seat;country
boardingpass,economy class gate seat country (13).jpg,economy;class;gate;seat;country
boardingpass,economy class gate seat country (14).jpg,economy;class;gate;seat;country
boardingpass,economy class gate seat country (15).jpg,economy;class;gate;seat;country
boardingpass,economy class gate seat country (16).jpg,economy;class;gate;seat;country
boardingpass,economy class gate seat country (2).jpg,economy;class;gate;seat;country
boardingpass,economy class gate seat country (3).jpg,economy;class;gate;seat;country
boardingpass,economy class gate seat country (4).jpg,economy;class;gate;seat;country
boardingpass,economy class gate seat country (5).jpg,economy;class;gate;seat;country
boardingpass,economy class gate seat country (6).jpg,economy;class;gate;seat;country
boardingpass,economy class gate seat country (7).jpg,economy;class;gate;seat;country
boardingpass,economy class gate seat country (8).jpg,economy;class;gate;seat;country
boardingpass,economy class gate seat country (9).jpg,economy;class;gate;seat;country
boardingpass,gate seat depart arrival (1).jpg,gate;seat;depart;arrival
boardingpass,gate seat depart arrival (10).jpg,gate;seat;depart;arrival
boardingpass,gate seat depart arrival (2).jpg,gate;seat;depart;arrival
boardingpass,gate seat depart arrival (3).jpg,gate;seat;depart;arrival
boardingpass,gate seat depart arrival (4).jpg,gate;seat;depart;arrival
boardingpass,gate seat depart arrival (5).jpg,gate;seat;depart;arrival
boardingpass,gate seat depart arrival (6).jpg,gate;seat;depart;arrival
boardingpass,gate seat depart arrival (7).jpg,gate;seat;depart;arrival
boardingpass,gate seat depart arrival (8).jpg,gate;seat;depart;arrival
boardingpass,gate seat depart arrival (9).jpg,gate;seat;depart;arrival
book,book cover (1).jpeg,book;cover
book,book cover (1).jpg,book;cover
book,book cover (1).png,book;cover
book,book cover (10).jpg,book;cover
book,book cover (11).jpg,book;cover
book,book cover (12).jpg,book;cover
book,book cover (13).jpg,book;cover
book,book cover (14).jpg,book;cover
book,book cover (15).jpg,book;cover
book,book cover (16).jpg,book;cover
book,book cover (17).jpg,book;cover
book,book cover (18).jpg,book;cover
book,book cover (19).jpg,book;cover
book,book cover (2).jpg,book;cover
book,book cover (2).png,book;cover
book,book cover (20).jpg,book;cover
book,book cover (21).jpg,book;cover
book,book cover (22).jpg,book;cover
book,book cover (23).jpg,book;cover
book,book cover (24).jpg,book;cover
book,book cover (25).jpg,book;cover
book,book cover (26).jpg,book;cover
book,book cover (27).jpg,book;cover
book,book cover (28).jpg,book;cover
book,book cover (29).jpg,book;cover
book,book cover (3).jpg,book;cover
book,book cover (3).png,book;cover
book,book cover (30).jpg,book;cover
book,book cover (31).jpg,book;cover
book,book cover (32).jpg,book;cover
book,book cover (33).jpg,book;cover
book,book cover (34).jpg,book;cover
book,book cover (35).jpg,book;cover
book,book cover (4).jpg,book;cover
book,book cover (4).png,book;cover
book,book cover (5).jpg,book;cover
book,book cover (5).png,book;cover
book,book cover (6).jpg,book;cover
book,book cover (6).png,book;cover
book,book cover (7).jpg,book;cover
book,book cover (7).png,book;cover
book,book cover (8).jpg,book;cover
book,book cover (9).jpg,book;cover
book,book opening (1).jpg,book;opening
book,book opening (1).png,book;opening
book,book opening (10).jpg,book;opening
book,book opening (11).jpg,book;opening
book,book opening (12).jpg,book;opening
book,book opening (13).jpg,book;opening
book,book opening (14).jpg,book;opening
book,book opening (15).jpg,book;opening
book,book opening (2).jpg,book;opening
book,book opening (2).png,book;opening
book,book opening (3).jpg,book;opening
book,book opening (4).jpg,book;opening
book,book opening (5).jpg,book;opening
book,book opening (6).jpg,book;opening
book,book opening (7).jpg,book;opening
book,book opening (8).jpg,book;opening
book,book opening (9).jpg,book;opening
book,stack book (1).jpeg,stack;book
book,stack book (1).jpg,stack;book
book,stack book (1).png,stack;book
book,stack book (10).jpg,stack;book
book,stack book (11).jpg,stack;book
book,stack book (12).jpg,stack;book
book,stack book (13).jpg,stack;book
book,stack book (14).jpg,stack;book
book,stack book (15).jpg,stack;book
book,stack book (16).jpg,stack;book
book,stack book (17).jpg,stack;book
book,stack book (18).jpg,stack;book
book,stack book (19).jpg,stack;book
book,stack book (2).jpg,stack;book
book,stack book (2).png,stack;book
book,stack book (20).jpg,stack;book
book,stack book (21).jpg,stack;book
book,stack book (22).jpg,stack;book
book,stack book (23).jpg,stack;book
book,stack book (24).jpg,stack;book
book,stack book (25).jpg,stack;book
book,stack book (26).jpg,stack;book
book,stack book (27).jpg,stack;book
book,stack book (28).jpg,stack;book
book,stack book (29).jpg,stack;book
book,stack book (3).jpg,stack;book
book,stack book (3).png,stack;book
book,stack book (30).jpg,stack;book
book,stack book (31).jpg,stack;book
book,stack book (32).jpg,stack;book
book,stack book (33).jpg,stack;book
book,stack book (4).jpg,stack;book
book,stack book (4).png,stack;book
book,stack book (5).jpg,stack;book
book,stack book (5).png,stack;book
book,stack book (6).jpg,stack;book
book,stack book (6).png,stack;book
book,stack book (7).jpg,stack;book
book,stack book (7).png,stack;book
book,stack book (8).jpg,stack;book
book,stack book (9).jpg,stack;book
passport,america passport cover (1).jpg,america;passport;cover
passport,america passport cover (1).png,america;passport;cover
passport,america passport cover (10).jpg,america;passport;cover
passport,america passport cover (11).jpg,america;passport;cover
passport,america passport cover (12).jpg,america;passport;cover
passport,america passport cover (13).jpg,america;passport;cover
passport,america passport cover (14).jpg,america;passport;cover
passport,america passport cover (2).jpg,america;passport;cover
passport,america passport cover (2).png,america;passport;cover
passport,america passport cover (3).jpg,america;passport;cover
passport,america passport cover (3).png,america;passport;cover
passport,america passport cover (4).jpg,america;passport;cover
passport,america passport cover (4).png,america;passport;cover
passport,america passport cover (5).jpg,america;passport;cover
passport,america passport cover (6).jpg,america;passport;cover
passport,america passport cover (7).jpg,america;passport;cover
passport,america passport cover (8).jpg,america;passport;cover
passport,america passport cover (9).jpg,america;passport;cover
passport,india passport (1).jpeg,india;passport
passport,india passport (1).jpg,india;passport
passport,india passport (2).jpg,india;passport
passport,india passport (3).jpg,india;passport
passport,india passport (4).jpg,india;passport
passport,india passport (5).jpg,india;passport
passport,india passport (6).jpg,india;passport
passport,india passport (7).jpg,india;passport
passport,india passport (8).jpg,india;passport
passport,passport india (1).jpeg,passport;india
passport,passport india (1).jpg,passport;india
passport,passport india (1).png,passport;india
passport,passport india (10).jpg,passport;india
passport,passport india (11).jpg,passport;india
passport,passport india (12).jpg,passport;india
passport,passport india (2).jpeg,passport;india
passport,passport india (2).jpg,passport;india
passport,passport india (2).png,passport;india
passport,passport india (3).jpg,passport;india
passport,passport india (4).jpg,passport;india
passport,passport india (5).jpg,passport;india
passport,passport india (6).jpg,passport;india
passport,passport india (7).jpg,passport;india
passport,passport india (8).jpg,passport;india
passport,passport india (9).jpg,passport;india
passport,passport malaysia (1).jpeg,passport;malaysia
passport,passport malaysia (1).jpg,passport;malaysia
passport,passport malaysia (1).png,passport;malaysia
passport,passport malaysia (10).jpg,passport;malaysia
passport,passport malaysia (11).jpg,passport;malaysia
passport,passport malaysia (2).jpg,passport;malaysia
passport,passport malaysia (2).png,passport;malaysia
passport,passport malaysia (3).jpg,passport;malaysia
passport,passport malaysia (4).jpg,passport;malaysia
passport,passport malaysia (5).jpg,passport;malaysia
passport,passport malaysia (6).jpg,passport;malaysia
passport,passport malaysia (7).jpg,passport;malaysia
passport,passport malaysia (8).jpg,passport;malaysia
passport,passport malaysia (9).jpg,passport;malaysia
passport,passporte europe england (1).jpg,passporte;europe;england
passport,passporte europe england (1).png,passporte;europe;england
passport,passporte europe england (10).jpg,passporte;europe;england
passport,passporte europe england (11).jpg,passporte;europe;england
passport,passporte europe england (12).jpg,passporte;europe;england
passport,passporte europe england (13).jpg,passporte;europe;england
passport,passporte europe england (14).jpg,passporte;europe;england
passport,passporte europe england (15).jpg,passporte;europe;england
passport,passporte europe england (16).jpg,passporte;europe;england
passport,passporte europe england (17).jpg,passporte;europe;england
passport,passporte europe england (2).jpg,passporte;europe;england
passport,passporte europe england (3).jpg,passporte;europe;england
passport,passporte europe england (4).jpg,passporte;europe;england
passport,passporte europe england (5).jpg,passporte;europe;england
passport,passporte europe england (6).jpg,passporte;europe;england
passport,passporte europe england (7).jpg,passporte;europe;england
passport,passporte europe england (8).jpg,passporte;europe;england
passport,passporte europe england (9).jpg,passporte;europe;england
passport,singapore passport (1).jpg,singapore;passport
passport,singapore passport (10).jpg,singapore;passport
passport,singapore passport (11).jpg,singapore;passport
passport,singapore passport (12).jpg,singapore;passport
passport,singapore passport (13).jpg,singapore;passport
passport,singapore passport (14).jpg,singapore;passport
passport,singapore passport (2).jpg,singapore;passport
passport,singapore passport (3).jpg,singapore;passport
passport,singapore passport (4).jpg,singapore;passport
passport,singapore passport (5).jpg,singapore;passport
passport,singapore passport (6).jpg,singapore;passport
passport,singapore passport (7).jpg,singapore;passport
passport,singapore passport (8).jpg,singapore;passport
passport,singapore passport (9).jpg,singapore;passport
passport,taiwan passport (1).jpg,taiwan;passport
passport,taiwan passport (10).jpg,taiwan;passport
passport,taiwan passport (11).jpg,taiwan;passport
passport,taiwan passport (12).jpg,taiwan;passport
passport,taiwan passport (2).jpg,taiwan;passport
passport,taiwan passport (3).jpg,taiwan;passport
passport,taiwan passport (4).jpg,taiwan;passport
passport,taiwan passport (5).jpg,taiwan;passport
passport,taiwan passport (6).jpg,taiwan;passport
passport,taiwan passport (7).jpg,taiwan;passport
passport,taiwan passport (8).jpg,taiwan;passport
passport,taiwan passport (9).jpg,taiwan;passport
